1660156788.877238,-0.11064398288726807,-0.5016025304794312,0.3852943480014801,0.0,0.0,0,0,1.5741857847188794,-0.011040827740032934,0.7508876475457469,1,0
1660156789.078246,-0.1104985699057579,-0.5015747547149658,0.38539862632751465,0.0,0.0,0,0,1.572856447986926,-0.009539462809696447,0.7511044175562823,1,0
1660156789.27779,-0.11049327999353409,-0.501591682434082,0.38542819023132324,0.0,0.0,0,0,1.572609481452868,-0.009079812482740144,0.7510963196771236,1,4
1660156789.476752,-0.11049127578735352,-0.5015913248062134,0.3854280412197113,0.0,0.0,0,0,1.5725732409878466,-0.008973880210248173,0.7511159120053383,1,4
1660156789.676276,-0.11050111055374146,-0.5016169548034668,0.38546130061149597,0.0,0.0,0,0,1.5724142917433608,-0.00895517970749186,0.7510196385942552,1,4
1660156789.876569,-0.11029595136642456,-0.501411497592926,0.3852085769176483,0.0,0.0,0,0,1.5723012714548574,-0.008646522968633798,0.7507325351562281,1,0
1660156790.077191,-0.11021251231431961,-0.5011009573936462,0.3838507831096649,0.0,0.0,0,0,1.5725651300544017,-0.00771664343099383,0.7327424174937354,1,0
1660156790.276838,-0.11032653599977493,-0.5009413957595825,0.38384824991226196,0.0,0.0,0,0,1.5726699187682347,-0.007623597659000595,0.7149560787006607,1,0
1660156790.476303,-0.11027118563652039,-0.5007840991020203,0.3838939070701599,0.0,0.0,0,0,1.5726789941511163,-0.007880383577992804,0.709324928249678,1,0
1660156790.676321,-0.11027337610721588,-0.5007891654968262,0.3838500678539276,0.0,0.0,0,0,1.5725773948128827,-0.008530118222668477,0.708743640480987,1,0
1660156790.876845,-0.1102796345949173,-0.5007978677749634,0.3838597536087036,0.0,0.0,0,0,1.5725448374555442,-0.008540146940013961,0.7086742149993901,1,0
1660156791.075405,-0.11028195917606354,-0.500800371170044,0.3838614821434021,0.0,0.0,0,0,1.572541266066508,-0.00853861452738238,0.7086523787672376,1,0
1660156791.281422,-0.11028285324573517,-0.5008013248443604,0.38386252522468567,0.0,0.0,0,0,1.5725393000823582,-0.008534787753467407,0.708643807324852,1,0
1660156791.480478,-0.11028337478637695,-0.5008019208908081,0.3838632106781006,0.0,0.0,0,0,1.572537630867898,-0.008535480441107817,0.7086374600661305,1,0
1660156791.679833,-0.11028388142585754,-0.5008025765419006,0.3838636875152588,0.0,0.0,0,0,1.5725357440146657,-0.008531875312644417,0.708633721592553,1,0
1660156791.879564,-0.11028382182121277,-0.5008023977279663,0.3838641941547394,0.0,0.0,0,0,1.5725358984324067,-0.008530264527452862,0.7086316803062582,1,0
1660156792.07987,-0.11028428375720978,-0.5008029341697693,0.38386449217796326,0.0,0.0,0,0,1.5725347729168633,-0.008529211265144826,0.7086284597211924,1,0
1660156792.280495,-0.11028428375720978,-0.5008029341697693,0.38386449217796326,0.0,0.0,0,0,1.5725347729168633,-0.008529211265144826,0.7086284597211924,1,0
1660156792.480053,-0.11028428375720978,-0.5008029341697693,0.38386449217796326,0.0,0.0,0,0,1.5725348304497822,-0.008526626159488359,0.7086284617229847,1,0
1660156792.680915,-0.11028477549552917,-0.5008036494255066,0.38386499881744385,0.0,0.0,0,0,1.5725327718217346,-0.008528101672683844,0.708624572524539,1,0
1660156792.880341,-0.11028477549552917,-0.5008036494255066,0.38386499881744385,0.0,0.0,0,0,1.5725327562351175,-0.008525714209961913,0.7086245746638701,1,0
1660156793.08178,-0.1102847009897232,-0.5008035898208618,0.3838655948638916,0.0,0.0,0,0,1.5725326416270324,-0.008524324029386195,0.7086245660760027,1,0
1660156793.28005,-0.11028438806533813,-0.5008032321929932,0.3838651478290558,0.0,0.0,0,0,1.5725329190254482,-0.00852624625314767,0.7086245537433187,1,0
1660156793.480535,-0.11028438806533813,-0.5008032321929932,0.3838651478290558,0.0,0.0,0,0,1.5725329190254482,-0.00852624625314767,0.7086245537433187,1,0
1660156793.680222,-0.11028459668159485,-0.5008036494255066,0.38386571407318115,0.0,0.0,0,0,1.5725304765961055,-0.008523878090140208,0.708622800083375,1,0
1660156793.879992,-0.11028459668159485,-0.5008036494255066,0.38386571407318115,0.0,0.0,0,0,1.5725304765961055,-0.008523878090140208,0.708622800083375,1,0
1660156794.080153,-0.11028498411178589,-0.5008039474487305,0.3838656544685364,0.0,0.0,0,0,1.572531011780158,-0.00852537327470546,0.708620329939014,1,0
1660156794.280909,-0.11028498411178589,-0.5008039474487305,0.3838656544685364,0.0,0.0,0,0,1.572531011780158,-0.00852537327470546,0.708620329939014,1,0
1660156794.480388,-0.11028498411178589,-0.5008039474487305,0.3838656544685364,0.0,0.0,0,0,1.572531011780158,-0.00852537327470546,0.708620329939014,1,0
1660156794.680547,-0.11028498411178589,-0.5008039474487305,0.3838656544685364,0.0,0.0,0,0,1.572531011780158,-0.00852537327470546,0.708620329939014,1,0
1660156794.881141,-0.11028498411178589,-0.5008039474487305,0.3838656544685364,0.0,0.0,0,0,1.572531011780158,-0.00852537327470546,0.708620329939014,1,0
1660156795.081822,-0.11028510332107544,-0.5008042454719543,0.38386598229408264,0.0,0.0,0,0,1.5725296027930578,-0.008523119156356226,0.7086192627324519,1,0
1660156795.281024,-0.11028510332107544,-0.5008042454719543,0.38386598229408264,0.0,0.0,0,0,1.5725296027930578,-0.008523119156356226,0.7086192627324519,1,4
1660156795.480333,-0.11028540134429932,-0.5008045434951782,0.38386595249176025,0.0,0.0,0,0,1.5725299429799742,-0.008524408131535667,0.7086171786080115,1,4
1660156795.680893,-0.11028540134429932,-0.5008045434951782,0.38386595249176025,0.0,0.0,0,0,1.5725299429799742,-0.008524408131535667,0.7086171786080115,1,4
1660156795.880543,-0.11041824519634247,-0.5008732080459595,0.3837951421737671,0.0,0.0,0,0,1.5727922596624075,-0.008628523724024988,0.7059727474418729,1,0
1660156796.080169,-0.11092613637447357,-0.5009731650352478,0.38378870487213135,0.0,0.0,0,0,1.572764346878987,-0.007643248145409227,0.6817760294826615,1,0
1660156796.280708,-0.11103177815675735,-0.5007383823394775,0.3839517831802368,0.0,0.0,0,0,1.5722827163345527,-0.008280047918963975,0.6647262840834308,1,0
1660156796.480935,-0.11096158623695374,-0.5006638765335083,0.38409876823425293,0.0,0.0,0,0,1.5720071840642353,-0.008691780422138954,0.6637160395023891,1,0
1660156796.680514,-0.11099459230899811,-0.5007025003433228,0.3841245472431183,0.0,0.0,0,0,1.571912968660527,-0.008789590363596774,0.6634545742151658,1,0
1660156796.881942,-0.11099882423877716,-0.5007070302963257,0.38412728905677795,0.0,0.0,0,0,1.5719017768782428,-0.008802637162358549,0.6634148702127447,1,0
1660156797.081324,-0.11099979281425476,-0.5007080435752869,0.3841283917427063,0.0,0.0,0,0,1.571898474686209,-0.008805680354515202,0.6633996273211629,1,0
1660156797.280858,-0.11100032925605774,-0.5007085800170898,0.3841278553009033,0.0,0.0,0,0,1.5718970055912953,-0.008810059315943893,0.6633904092972044,1,0
1660156797.482279,-0.1110011488199234,-0.5007094740867615,0.3841288387775421,0.0,0.0,0,0,1.5718940007550695,-0.008811142781390372,0.6633801983070747,1,0
1660156797.681996,-0.11100137233734131,-0.5007096529006958,0.38412874937057495,0.0,0.0,0,0,1.5718932021186927,-0.00880910164583559,0.6633770269253545,1,0
1660156797.881539,-0.11100125312805176,-0.500709593296051,0.38412824273109436,0.0,0.0,0,0,1.5718927707893733,-0.008811686886914225,0.6633737663888206,1,0
1660156798.081,-0.11100153625011444,-0.5007099509239197,0.38412919640541077,0.0,0.0,0,0,1.5718908480208083,-0.008810592560875864,0.6633694508914489,1,0
1660156798.280511,-0.11100150644779205,-0.5007097721099854,0.38412877917289734,0.0,0.0,0,0,1.5718915077283935,-0.008813356545688652,0.6633677524253244,1,0
1660156798.481191,-0.1110018640756607,-0.500710129737854,0.3841286897659302,0.0,0.0,0,0,1.5718920096032538,-0.008812188038764908,0.6633654068067844,1,0
1660156798.680885,-0.11100161075592041,-0.5007097721099854,0.38412830233573914,0.0,0.0,0,0,1.5718922535829865,-0.008813809529223003,0.6633653574688335,1,0
1660156798.881695,-0.11100217700004578,-0.5007104873657227,0.38412874937057495,0.0,0.0,0,0,1.571890478497649,-0.008813055728371749,0.663361511812254,1,0
1660156799.081333,-0.11100217700004578,-0.5007104873657227,0.38412874937057495,0.0,0.0,0,0,1.571890478497649,-0.008813055728371749,0.663361511812254,1,0
1660156799.28204,-0.11100192368030548,-0.5007101893424988,0.3841283619403839,0.0,0.0,0,0,1.5718907431876006,-0.008814618234730136,0.6633614575399872,1,0
1660156799.481685,-0.11100192368030548,-0.5007101893424988,0.3841283619403839,0.0,0.0,0,0,1.5718907431876006,-0.008814618234730136,0.6633614575399872,1,0
1660156799.682305,-0.11100225150585175,-0.5007104277610779,0.38412830233573914,0.0,0.0,0,0,1.5718911524486157,-0.008813195197387132,0.6633595109682265,1,0
1660156799.88308,-0.11100207269191742,-0.5007103681564331,0.38412824273109436,0.0,0.0,0,0,1.5718898838008937,-0.008815340655995176,0.6633582348887979,1,0
1660156800.083686,-0.11100207269191742,-0.5007103681564331,0.38412824273109436,0.0,0.0,0,0,1.5718898838008937,-0.008815340655995176,0.6633582348887979,1,0
1660156800.282967,-0.11100207269191742,-0.5007103681564331,0.38412824273109436,0.0,0.0,0,0,1.5718898838008937,-0.008815340655995176,0.6633582348887979,1,0
1660156800.482682,-0.11100246012210846,-0.5007107257843018,0.3841281533241272,0.0,0.0,0,0,1.5718903798944726,-0.008816777837400272,0.6633558679429844,1,0
1660156800.68217,-0.11100246012210846,-0.5007107257843018,0.3841281533241272,0.0,0.0,0,0,1.5718903899032208,-0.008814419154045922,0.6633558966381805,1,0
1660156800.881739,-0.11100246012210846,-0.5007107257843018,0.3841281533241272,0.0,0.0,0,0,1.5718903899032208,-0.008814419154045922,0.6633558966381805,1,0
1660156801.081936,-0.11100246012210846,-0.5007107257843018,0.3841281533241272,0.0,0.0,0,0,1.5718903899032208,-0.008814419154045922,0.6633558966381805,1,0
1660156801.282559,-0.11100225150585175,-0.5007104873657227,0.3841278553009033,0.0,0.0,0,0,1.5718907092843823,-0.00881582145244263,0.6633558670142313,1,4
1660156801.485233,-0.11100225150585175,-0.5007104873657227,0.3841278553009033,0.0,0.0,0,0,1.5718907092843823,-0.00881582145244263,0.6633558670142313,1,4
1660156801.684866,-0.11098481714725494,-0.5006892085075378,0.3840837776660919,0.0,0.0,0,0,1.5719458883618125,-0.009048801633626615,0.6631926475162723,1,4
1660156801.885512,-0.11156870424747467,-0.5008499622344971,0.38399872183799744,0.0,0.0,0,0,1.572315767543982,-0.0075891257123701684,0.64563584363545,1,4
1660156802.08496,-0.11190125346183777,-0.5008789896965027,0.383968323469162,0.0,0.0,0,0,1.5725453810753243,-0.007234360910039005,0.6187429885242589,1,0
1660156802.286505,-0.11207988858222961,-0.5008545517921448,0.38411739468574524,0.0,0.0,0,0,1.572484946513048,-0.006677853751522054,0.5886332397466015,1,0
1660156802.485496,-0.11181296408176422,-0.5008041262626648,0.384164035320282,0.0,0.0,0,0,1.572410047201359,-0.008159895819379212,0.5671793645940892,1,0
1660156802.686205,-0.11169302463531494,-0.5006587505340576,0.38408976793289185,0.0,0.0,0,0,1.572463010935855,-0.006609875198652681,0.5652819469994075,1,0
1660156802.886301,-0.1117134690284729,-0.5006717443466187,0.3842128813266754,0.0,0.0,0,0,1.572435837819463,-0.00638443065950526,0.5649688704081419,1,0
1660156803.085836,-0.11173886060714722,-0.5006884932518005,0.3842304050922394,0.0,0.0,0,0,1.5724553294007253,-0.006419293056145537,0.564781156994946,1,0
1660156803.28548,-0.11174466460943222,-0.5006930828094482,0.384233683347702,0.0,0.0,0,0,1.572458941166873,-0.0064248480307899924,0.5647364378880028,1,0
1660156803.485861,-0.11174565553665161,-0.5006953477859497,0.38423624634742737,0.0,0.0,0,0,1.5724575494453734,-0.006424658559242086,0.5647211381042813,1,0
1660156803.685567,-0.11174628138542175,-0.5006958246231079,0.3842378854751587,0.0,0.0,0,0,1.5724564233119283,-0.0064195171367249036,0.5647159265837901,1,0
1660156803.88632,-0.11174627393484116,-0.5006964206695557,0.3842376172542572,0.0,0.0,0,0,1.5724575146132036,-0.006419719016591093,0.5647129792663402,1,0
1660156804.084756,-0.11174678057432175,-0.5006966590881348,0.38423800468444824,0.0,0.0,0,0,1.5724573857611737,-0.0064199138922108505,0.564707783598678,1,0
1660156804.285335,-0.11174607276916504,-0.5006968379020691,0.38423800468444824,0.0,0.0,0,0,1.5724574485291474,-0.006417564959470338,0.5647092385561859,1,0
1660156804.487116,-0.11174659430980682,-0.5006974339485168,0.38423943519592285,0.0,0.0,0,0,1.5724547305266425,-0.006417602233075327,0.5647046447539217,1,4
1660156804.686596,-0.11174659430980682,-0.5006974339485168,0.38423943519592285,0.0,0.0,0,0,1.572454722784139,-0.006415208311672675,0.5647046670028916,1,4
1660156804.887106,-0.11174695193767548,-0.500697672367096,0.3842393159866333,0.0,0.0,0,0,1.5724553320229813,-0.006416456585859173,0.5647026578567289,1,4
1660156805.086627,-0.11193093657493591,-0.5007743835449219,0.3840048015117645,0.0,0.0,0,0,1.572682854308046,-0.007431331744687134,0.5522901959624132,1,4
1660156805.286367,-0.11204130947589874,-0.5009073615074158,0.38423842191696167,0.0,0.0,0,0,1.5722965844226773,-0.006668636660144187,0.5257422005057314,1,4
1660156805.48581,-0.11198250204324722,-0.5009451508522034,0.38429686427116394,0.0,0.0,0,0,1.5723892914218016,-0.006214088408869771,0.49465054917261436,1,4
1660156805.685322,-0.11197511851787567,-0.5010588765144348,0.3843577802181244,0.0,0.0,0,0,1.5722150038181988,-0.006680322629103303,0.4598586250004455,1,0
1660156805.885906,-0.11209234595298767,-0.5011063814163208,0.3845164179801941,0.0,0.0,0,0,1.5720742335943587,-0.006967332337925976,0.42349431383513647,1,0
1660156806.087271,-0.1119188517332077,-0.5009765028953552,0.3845079243183136,0.0,0.0,0,0,1.5722139054491706,-0.0071109501005292884,0.3955310864505723,1,0
1660156806.2869,-0.11174862086772919,-0.5008532404899597,0.38446101546287537,0.0,0.0,0,0,1.5724424776057464,-0.0067738730948428555,0.3785661075826262,1,0
1660156806.487528,-0.11149199306964874,-0.5007420182228088,0.3845493793487549,0.0,0.0,0,0,1.5721500108763318,-0.007160639056105021,0.3699010170448628,1,0
1660156806.68722,-0.11144434660673141,-0.5007017850875854,0.384443074464798,0.0,0.0,0,0,1.5723547543860292,-0.007439297809631337,0.36950734968096055,1,0
1660156806.887923,-0.11148667335510254,-0.500720739364624,0.38442525267601013,0.0,0.0,0,0,1.5724510898834525,-0.0074847676856477485,0.36925667238322274,1,0
1660156807.088343,-0.11150571703910828,-0.5007290840148926,0.38441741466522217,0.0,0.0,0,0,1.5724931898168932,-0.007517651336629137,0.3691479421801744,1,0
1660156807.287706,-0.11151261627674103,-0.5007326602935791,0.3844148814678192,0.0,0.0,0,0,1.5725079564515099,-0.007527566411329343,0.3691053343778546,1,0
1660156807.489457,-0.11151643097400665,-0.5007344484329224,0.3844139277935028,0.0,0.0,0,0,1.5725135462103903,-0.007532929823805731,0.36908484460400176,1,4
1660156807.690135,-0.11151786893606186,-0.5007354617118835,0.3844142556190491,0.0,0.0,0,0,1.5725149155804723,-0.007535481243269284,0.3690724044845117,1,4
1660156807.889454,-0.11167643964290619,-0.5007844567298889,0.38438957929611206,0.0,0.0,0,0,1.5724792726174295,-0.006937921484269186,0.3667789378634621,1,0
1660156808.088064,-0.11193031072616577,-0.5009207725524902,0.3845216929912567,0.0,0.0,0,0,1.572333080116809,-0.006689636663011469,0.3489927011665173,1,0
1660156808.288486,-0.11178940534591675,-0.5009191036224365,0.3844861090183258,0.0,0.0,0,0,1.572492363704177,-0.005685791632936179,0.3366043864314522,1,0
1660156808.489177,-0.11173325031995773,-0.5007210969924927,0.3841586709022522,0.0,0.0,0,0,1.5730821142277998,-0.006601152219557219,0.33397808442360943,1,0
1660156808.689639,-0.1117168739438057,-0.5007104873657227,0.3841676712036133,0.0,0.0,0,0,1.5730890114975926,-0.006497923572860921,0.33391816761011633,1,4
1660156808.887948,-0.11169694364070892,-0.5006881356239319,0.3843112885951996,0.0,0.0,0,0,1.5729333048615224,-0.006221736972452046,0.3338884968599276,1,4
1660156809.089616,-0.11167432367801666,-0.5007941722869873,0.3843207359313965,0.0,0.0,0,0,1.5726905883591633,-0.006632364968428968,0.33058339121925456,1,4
1660156809.28815,-0.11191029101610184,-0.5010496377944946,0.38462311029434204,0.0,0.0,0,0,1.5721372969029366,-0.007009286888555547,0.3068977885234532,1,4
1660156809.488887,-0.11186856031417847,-0.5011242628097534,0.3847893476486206,0.0,0.0,0,0,1.571757099506645,-0.004986165744090117,0.28015255375940207,1,4
1660156809.690399,-0.11199797689914703,-0.5012140870094299,0.384827584028244,0.0,0.0,0,0,1.5718394331428573,-0.005360520976951492,0.245337724104871,1,4
1660156809.890139,-0.11206631362438202,-0.5012904405593872,0.38495931029319763,0.0,0.0,0,0,1.5715136100940026,-0.005586737694058912,0.20960820920705348,1,4
1660156810.089558,-0.1121259555220604,-0.5012618899345398,0.3850792646408081,0.0,0.0,0,0,1.571439540329094,-0.004491039640230002,0.17388083242359734,1,4
1660156810.289086,-0.11221282929182053,-0.5013271570205688,0.3850865066051483,0.0,0.0,0,0,1.5714432545041734,-0.004910949885982281,0.13712678994349434,1,0
1660156810.488588,-0.11211945861577988,-0.5013633966445923,0.38509291410446167,0.0,0.0,0,0,1.5714882535213803,-0.0047078680408621934,0.10008621217144005,1,0
1660156810.689502,-0.11191493272781372,-0.5012971758842468,0.38512152433395386,0.0,0.0,0,0,1.5714587991671742,-0.004015700224318817,0.07188860465989559,1,0
1660156810.890218,-0.11157585680484772,-0.5011120438575745,0.38484320044517517,0.0,0.0,0,0,1.5722042475185085,-0.005478860747165907,0.05864730311053394,1,0
1660156811.088673,-0.11150837689638138,-0.501150906085968,0.38484326004981995,0.0,0.0,0,0,1.5723255351366845,-0.005917138369518938,0.05822577562912652,1,0
1660156811.289369,-0.11149972677230835,-0.5011250376701355,0.38498497009277344,0.0,0.0,0,0,1.5721297358233877,-0.005750152178198723,0.0581515824812204,1,0
1660156811.488692,-0.11149652302265167,-0.5011201500892639,0.3850143253803253,0.0,0.0,0,0,1.5720855576734778,-0.0057103074734068055,0.05814017407557139,1,0
1660156811.689216,-0.11149661988019943,-0.5011199116706848,0.38501667976379395,0.0,0.0,0,0,1.572084301758133,-0.005707715437504717,0.058133833982611134,1,0
1660156811.888595,-0.11149748414754868,-0.5011196136474609,0.3850179612636566,0.0,0.0,0,0,1.572083023590797,-0.005705896972778827,0.05812736216499592,1,0
1660156812.089335,-0.11149779707193375,-0.5011199116706848,0.38501906394958496,0.0,0.0,0,0,1.5720812891694202,-0.005705032073790367,0.0581233629428237,1,0
1660156812.290147,-0.11149808019399643,-0.5011199116706848,0.3850187659263611,0.0,0.0,0,0,1.5720827771134094,-0.005703306365557345,0.05812192196493384,1,0
1660156812.488538,-0.11149850487709045,-0.5011196732521057,0.385018914937973,0.0,0.0,0,0,1.5720836368734263,-0.005706016627400264,0.058118076292990185,1,0
1660156812.689124,-0.11149809509515762,-0.5011199712753296,0.38501912355422974,0.0,0.0,0,0,1.5720829075356262,-0.005705001646042426,0.058118010750497016,1,0
1660156812.890749,-0.1114983931183815,-0.5011199712753296,0.38501879572868347,0.0,0.0,0,0,1.5720844782995547,-0.005706226727654863,0.0581165495730302,1,0
1660156813.088345,-0.1114986464381218,-0.5011199712753296,0.3850198984146118,0.0,0.0,0,0,1.5720823023964974,-0.005702915996038617,0.05811490152054304,1,0
1660156813.28875,-0.1114986464381218,-0.5011199712753296,0.3850198984146118,0.0,0.0,0,0,1.5720823023964974,-0.005702915996038617,0.05811490152054304,1,0
1660156813.489181,-0.11149949580430984,-0.5011202096939087,0.38501986861228943,0.0,0.0,0,0,1.5720829966497027,-0.0057055417264855746,0.05811077237156739,1,0
1660156813.688832,-0.11149928718805313,-0.5011199116706848,0.3850194215774536,0.0,0.0,0,0,1.5720842197876024,-0.005704080423842201,0.05811075402476938,1,0
1660156813.890147,-0.11149928718805313,-0.5011199116706848,0.3850194215774536,0.0,0.0,0,0,1.5720842197876024,-0.005704080423842201,0.05811075402476938,1,0
1660156814.089604,-0.11149832606315613,-0.5011201500892639,0.3850194215774536,0.0,0.0,0,0,1.5720842985003443,-0.005704084207673746,0.05811270472403141,1,0
1660156814.289135,-0.11149832606315613,-0.5011201500892639,0.3850194215774536,0.0,0.0,0,0,1.5720842985003443,-0.005704084207673746,0.05811270472403141,1,4
1660156814.488719,-0.11149832606315613,-0.5011201500892639,0.3850194215774536,0.0,0.0,0,0,1.5720842985003443,-0.005704084207673746,0.05811270472403141,1,4
1660156814.688893,-0.11149995774030685,-0.5011202096939087,0.38502007722854614,0.0,0.0,0,0,1.5720823335566196,-0.005712782305566952,0.05809199160464419,1,4
1660156814.890439,-0.1120375320315361,-0.5012881755828857,0.38495755195617676,0.0,0.0,0,0,1.5717988445097402,-0.004510122554824288,0.04075991534724792,1,4
1660156815.089797,-0.11215894669294357,-0.5013387203216553,0.38508903980255127,0.0,0.0,0,0,1.5717319877597733,-0.004198205730567996,0.013744882103397454,1,4
1660156815.290344,-0.11219029128551483,-0.5014262199401855,0.3852294385433197,0.0,0.0,0,0,1.5714526458429157,-0.004072379604128965,-0.017915949780899516,1,4
1660156815.490478,-0.11247826367616653,-0.5014604926109314,0.3850468397140503,0.0,0.0,0,0,1.5721510566044488,-0.00500383173582683,-0.05356703456513519,1,4
1660156815.689495,-0.11287318915128708,-0.5014801025390625,0.38467660546302795,0.0,0.0,0,0,1.5742367046225743,-0.005861760026848027,-0.09228358905297539,1,4
1660156815.890111,-0.11325757205486298,-0.5014015436172485,0.38417133688926697,0.0,0.0,0,0,1.5767480651642174,-0.007069194003992218,-0.13238324858191672,1,4
1660156816.091882,-0.11331364512443542,-0.5014166235923767,0.3839395344257355,0.0,0.0,0,0,1.5775856381764455,-0.0075790972903360294,-0.17142366674829226,1,4
1660156816.292747,-0.11339609324932098,-0.5013914108276367,0.38403335213661194,0.0,0.0,0,0,1.5772173269466958,-0.007643894338107142,-0.2095704978650319,1,0
1660156816.492298,-0.11305367946624756,-0.5013480186462402,0.3837871849536896,0.0,0.0,0,0,1.5780602302618412,-0.007494670275050857,-0.2420595272508835,1,0
1660156816.690873,-0.11231084167957306,-0.501201331615448,0.3834112286567688,0.0,0.0,0,0,1.579285301567647,-0.008664009829563552,-0.24438462609337439,1,0
1660156816.892593,-0.11228854954242706,-0.5011751651763916,0.38339963555336,0.0,0.0,0,0,1.5793139152174824,-0.008660925215809677,-0.24442622440191203,1,0
1660156817.093123,-0.1122887134552002,-0.5011742115020752,0.3834069073200226,0.0,0.0,0,0,1.5792941759163102,-0.00864445923865623,-0.24443309530611634,1,0
1660156817.29249,-0.11228656023740768,-0.5011736154556274,0.38341495394706726,0.0,0.0,0,0,1.579274941914236,-0.008629039628606987,-0.24443014506661467,1,0
1660156817.492994,-0.11228527128696442,-0.5011726021766663,0.3834195137023926,0.0,0.0,0,0,1.5792642793098886,-0.008621119943654765,-0.244428434395492,1,0
1660156817.692584,-0.11228553205728531,-0.5011724233627319,0.3834216594696045,0.0,0.0,0,0,1.5792589593604032,-0.008615089194252797,-0.2444300069861077,1,0
1660156817.893114,-0.11228511482477188,-0.5011720657348633,0.3834240138530731,0.0,0.0,0,0,1.579253076188928,-0.008610805376675851,-0.2444287195379196,1,0
1660156818.092684,-0.11228453367948532,-0.5011717081069946,0.3834242522716522,-0.0043560423155987417,-0.017464961933674895,0,0,1.5792531724711323,-0.008608807927983431,-0.24442901443108928,1,6
1660156818.293328,-0.11228429526090622,-0.5011716485023499,0.38342535495758057,-0.0078408579121145919,-0.031436936033935409,0,0,1.579249834183734,-0.00860725726192207,-0.24442796914047635,1,6
1660156818.492512,-0.11229386180639267,-0.5013419389724731,0.38360628485679626,-0.010626360352774887,-0.04261510128049862,0,0,1.5787021052751316,-0.00847671890550128,-0.24429341422287817,1,6
1660156818.692991,-0.11281323432922363,-0.5048452615737915,0.3855333924293518,-0.012831474402075601,-0.051563422016233526,0,0,1.5726262659652253,-0.005178752804930918,-0.2429602733805194,1,6
1660156818.89368,-0.1145152598619461,-0.5104033946990967,0.3857785761356354,-0.014619373567904052,-0.05871616043087638,0,0,1.571981772947633,-0.0033891389140670524,-0.24432318855103713,1,6
1660156819.093058,-0.1166578084230423,-0.5174295902252197,0.3857291042804718,-0.016079846061974712,-0.064430806210087802,0,0,1.572157877269266,-0.004785225350782475,-0.2460500100899587,1,6
1660156819.294759,-0.11873258650302887,-0.5259788632392883,0.3857725262641907,-0.017247902696663205,-0.069002603536359508,0,0,1.5719330975437817,-0.005614425141932527,-0.2460316023643619,1,6
1660156819.495388,-0.12121621519327164,-0.5353735089302063,0.38542431592941284,-0.018187332848388155,-0.072658788851524436,0,0,1.5726919123436576,-0.006268425321988919,-0.2463171467909643,1,6
1660156819.693911,-0.12365246564149857,-0.5456141829490662,0.38528427481651306,-0.018931808646918395,-0.075585512718570058,0,0,1.572865298925001,-0.006980368123816176,-0.24591226151169662,1,6
1660156819.895299,-0.12642809748649597,-0.5564051270484924,0.3850415050983429,-0.019530891469364535,-0.077926012418085958,0,0,1.573345790314913,-0.004392496520815179,-0.24611286726245493,1,6
1660156820.093601,-0.129408597946167,-0.5675362944602966,0.38481414318084717,-0.020014848722095326,-0.079797233104249188,0,0,1.573682758588619,-0.005478245753314752,-0.24638158418582087,1,6
1660156820.293245,-0.13224448263645172,-0.5792317986488342,0.3846644163131714,-0.020396512899977605,-0.081295592341164083,0,0,1.5737366495041012,-0.005838366025508946,-0.24606643334846579,1,6
1660156820.4936,-0.13519340753555298,-0.5911526679992676,0.38439175486564636,-0.020698336465572755,-0.08249516035549409,0,0,1.5741655892706787,-0.0067041679178836905,-0.24586550957498465,1,6
1660156820.694162,-0.13811784982681274,-0.6031267642974854,0.3841196596622467,-0.020939403238250883,-0.083454913151756557,0,0,1.5745780213467635,-0.00463134351599086,-0.24584305206114876,1,6
1660156820.894768,-0.14111311733722687,-0.6147267818450928,0.3838781416416168,-0.021132176019254982,-0.084222735621927447,0,0,1.5748533599356462,-0.005639796306291444,-0.24583843334957808,1,6
1660156821.094421,-0.144041508436203,-0.6264261603355408,0.38366755843162537,-0.021285292496066643,-0.084837270004780668,0,0,1.5750558459229722,-0.006322827063113807,-0.2457753282708756,1,6
1660156821.294118,-0.1470506340265274,-0.6382160186767578,0.38343197107315063,-0.021406748332568473,-0.085329157692786831,0,0,1.5753545422329736,-0.0068793817843181065,-0.24571591293351253,1,6
1660156821.493792,-0.1500890552997589,-0.6500741839408875,0.38314512372016907,-0.021502952516582199,-0.085722908688921767,0,0,1.575647192685587,-0.005709877214850485,-0.24566090063236942,1,6
1660156821.69541,-0.15326334536075592,-0.6621598601341248,0.38292479515075684,0.0,0.0,0,0,1.5759687065775483,-0.00433082763259741,-0.2457296460107308,1,0
1660156821.896037,-0.15581601858139038,-0.6739287972450256,0.3826209306716919,0.0,0.0,0,0,1.5760848086316614,-0.0051619151510459505,-0.2449282881509805,1,0
1660156822.094375,-0.15618079900741577,-0.6761825084686279,0.38278844952583313,0.0,0.0,0,0,1.5750998145793484,-0.0044679022264403285,-0.24421833120511965,1,1
1660156822.294028,-0.15618550777435303,-0.6762393116950989,0.3825027346611023,0.0,0.0,0,0,1.5756024013485774,-0.00445451723155861,-0.24415932134788884,1,1
1660156822.494496,-0.1561879813671112,-0.6762532591819763,0.3824661672115326,0.0,0.0,0,0,1.5756567806125692,-0.004448621624474423,-0.24415375099404962,1,1
1660156822.695194,-0.15618786215782166,-0.6762569546699524,0.3824639916419983,0.0,0.0,0,0,1.5756610657289685,-0.004440692671705485,-0.24415075092428856,1,1
1660156822.894635,-0.15618744492530823,-0.6762591600418091,0.38246291875839233,0.0,0.0,0,0,1.5756618915672032,-0.0044350132809778415,-0.24414822932234878,1,1
1660156825.634313,-0.15501895546913147,-0.6764408349990845,0.38228118419647217,0.0,0.0,0,7400,1.5759579046410224,-0.0031322645734043176,-0.24160030758127654,1,1
1660156825.87901,-0.1550191044807434,-0.6764408349990845,0.38228079676628113,0.0,0.0,0,7400,1.5759596663406936,-0.003133471417104485,-0.24160109704757485,1,0
1660156826.078891,-0.1550191044807434,-0.6764408349990845,0.38228079676628113,0.0,0.0,0,7400,1.5759596663406936,-0.003133471417104485,-0.24160109704757485,1,0
1660156826.277762,-0.1550191044807434,-0.6764408349990845,0.38228079676628113,0.0,0.0,0,7400,1.5759596352535838,-0.0031311187454661133,-0.24160108076737025,1,0
1660156826.479449,-0.1550191044807434,-0.6764408349990845,0.38228079676628113,0.0,0.0,0,7400,1.5759596352535838,-0.0031311187454661133,-0.24160108076737025,1,0
1660156826.678936,-0.15501926839351654,-0.6764407753944397,0.3822804093360901,0.0043066490243692194,0.017477207276361394,0,7400,1.5759614787063283,-0.003132304568113703,-0.24160187121432766,1,5
1660156826.879309,-0.15501926839351654,-0.6764407753944397,0.3822804093360901,0.0077519682438645949,0.031458973097450507,0,7400,1.5759614787063283,-0.003132304568113703,-0.24160187121432766,1,5
1660156827.078774,-0.15492653846740723,-0.6761906147003174,0.38184458017349243,0.010508936816623307,0.042644209996285307,0,7400,1.5770558951097322,-0.0033300515334381735,-0.24164267869215617,1,5
1660156827.279955,-0.1536654531955719,-0.6731275916099548,0.38033151626586914,0.012710472606522104,0.051593394482845542,0,7400,1.5809838379882941,-0.0033975195731759922,-0.24141157804344776,1,5
1660156827.481569,-0.15132194757461548,-0.6673998832702637,0.3793272078037262,0.014444033152835586,0.058759531105542093,0,7400,1.5828298733977528,-0.0008592109722795251,-0.23982886461152125,1,5
1660156827.68206,-0.1493409276008606,-0.6603516340255737,0.3797273337841034,0.015822488108404295,0.064494490771592805,0,7400,1.5823656216826163,0.002300823872414265,-0.23934884872533244,1,5
1660156827.881755,-0.1476355940103531,-0.6531724333763123,0.3797411620616913,0.016924219349656426,0.069082710484123469,0,7400,1.5824102884324074,0.004397937983711523,-0.23928979207283327,1,5
1660156828.081437,-0.14587949216365814,-0.645538330078125,0.37999746203422546,0.01780546008695098,0.072753321446730454,0,7400,1.5820725379342073,0.004605067589154349,-0.23928154282541045,1,5
1660156828.281987,-0.1439167857170105,-0.6370719075202942,0.380209356546402,0.018510806160793619,0.075689723978714846,0,7400,1.5818973781478456,0.005782923686932884,-0.23930175680062937,1,5
1660156828.482209,-0.14184515178203583,-0.6283771991729736,0.3803689479827881,0.014808644928634896,0.060551779182971881,0,7400,1.5820196761716923,0.005992298952581018,-0.23967135663674466,1,0
1660156828.682932,-0.13978859782218933,-0.6197492480278015,0.3807096779346466,0.011846915942907918,0.048441423346377507,0,7400,1.5815095965092014,0.004839063550476879,-0.2396252426480123,1,0
1660156828.884888,-0.13759447634220123,-0.6112964153289795,0.3809196949005127,0.0094775327543263344,0.038753138677102006,0,7400,1.5812741020260401,0.004907355298801818,-0.23933831627642368,1,0
1660156829.085796,-0.13596493005752563,-0.6045520901679993,0.38107728958129883,0.0075820262034610678,0.031002510941681605,0,7400,1.5814338520461644,0.004507526675226267,-0.23937162722192284,1,0
1660156829.285451,-0.13465933501720428,-0.5989365577697754,0.3810589909553528,0.006065620962768855,0.024802008753345286,0,7400,1.581880228247816,0.003970480912813203,-0.23957134031125693,1,0
1660156829.485006,-0.13334637880325317,-0.594375491142273,0.38140830397605896,0.004852496770215084,0.019841607002676231,0,7400,1.5810449160142788,0.0038180909189187637,-0.2391376231755595,1,0
1660156829.685968,-0.13266906142234802,-0.5906175971031189,0.38137754797935486,0.0038819974161720672,0.015873285602140987,0,7400,1.5813944515542715,0.004129358609514721,-0.2397089011533546,1,0
1660156829.885024,-0.13213667273521423,-0.5887845754623413,0.3811515271663666,0.0031055979329376541,0.012698628481712791,0,7400,1.58233102447344,0.003556439549604848,-0.23983947435671477,1,0
1660156830.085822,-0.13211145997047424,-0.5886809825897217,0.38105499744415283,0.0024844783463501235,0.010158902785370233,0,7400,1.5825460927576587,0.003500599366724341,-0.23985611225471143,1,0
1660156830.285046,-0.13212370872497559,-0.5886772871017456,0.38106244802474976,0.0019875826770800989,0.0081271222282961863,0,7400,1.5825188519093698,0.003497482446070882,-0.23987649496049418,1,0
1660156830.485388,-0.13213883340358734,-0.5886728763580322,0.38106781244277954,0.0015900661416640791,0.006501697782636949,0,7400,1.5824995856954631,0.0035007378533439266,-0.23990018177836972,1,0
1660156830.684766,-0.13215689361095428,-0.5886684060096741,0.38107019662857056,0.0012720529133312633,0.0052013582261095596,0,7400,1.582491260317379,0.0035005096599019284,-0.23993178374983065,1,0
1660156830.886485,-0.13218948245048523,-0.5886608362197876,0.38107040524482727,0.0052960477555160724,0.021645229311390766,0,7400,1.5824888060053486,0.0034971467982531793,-0.23998616739462644,1,5
1660156831.08605,-0.13236010074615479,-0.5886223912239075,0.38107240200042725,0.0085203099750147358,0.034799085656425241,0,7400,1.5824829286442135,0.003496919131299737,-0.24027594571157448,1,5
1660156831.28657,-0.131877601146698,-0.5876547694206238,0.3809083104133606,0.011088534397971677,0.045324907454356231,0,7400,1.5827500378736428,0.0042542884444268445,-0.23963620771296384,1,5
1660156831.486323,-0.13061672449111938,-0.583150327205658,0.3815775215625763,0.013136043431431505,0.053747290922649918,0,7400,1.5809447202709757,0.00507609551246503,-0.23923186699164856,1,5
1660156831.686979,-0.12924981117248535,-0.5767670273780823,0.3816693425178528,0.014779917549906072,0.060483765703646143,0,7400,1.58103404472981,0.005060793634935837,-0.23956737390691324,1,5
1660156831.886756,-0.12731751799583435,-0.5694574117660522,0.3820703327655792,0.01608759438308676,0.065874756856511452,0,7400,1.580120014405797,0.003976941742073882,-0.23914291402341106,1,5
1660156832.086255,-0.12525871396064758,-0.561003565788269,0.38221317529678345,0.017130374249967634,0.07018836902302289,0,7400,1.5798224369021407,0.004443231370569052,-0.23895069249622578,1,5
1660156832.286039,-0.12305186688899994,-0.5514280200004578,0.38249465823173523,0.01796763441868043,0.073638518825667798,0,7400,1.579491065544595,0.004032320023960804,-0.239124311068543,1,5
1660156832.487686,-0.12071909010410309,-0.5416303873062134,0.3827534019947052,0.0,0.0,0,7400,1.5792607239475023,0.0044409804192782065,-0.23921592388673327,1,0
1660156832.690252,-0.11848136782646179,-0.5324731469154358,0.3829297423362732,0.0,0.0,0,7400,1.579418362714525,0.004768519398964793,-0.23947389223294963,1,0
1660156832.889387,-0.1182512491941452,-0.5310658812522888,0.3826192319393158,0.0,0.0,0,7400,1.5804220694514077,0.003933014122126479,-0.23996471527863542,1,0
1660156833.088894,-0.11838971823453903,-0.5310273170471191,0.3826720118522644,0.0,0.0,0,7400,1.5802512081153932,0.003860653960501413,-0.24022166372379458,1,0
1660156833.288577,-0.11838316172361374,-0.5310032963752747,0.3828027844429016,0.0,0.0,0,7400,1.5799886853975553,0.0038647494276040973,-0.24022699722989602,1,0
1660156833.489432,-0.11837442219257355,-0.5309809446334839,0.38292255997657776,0.0,0.0,0,7400,1.5797581075676361,0.003884888664899341,-0.24022898841667778,1,0
1660156833.689156,-0.11837515234947205,-0.5309796333312988,0.382929265499115,0.0,0.0,0,7400,1.5797413307904535,0.003869791799622147,-0.2402320374241144,1,0
1660156833.889848,-0.1183767318725586,-0.5309788584709167,0.3829328715801239,0.0,0.0,0,7400,1.5797323222181094,0.003859974689439257,-0.24023536108329008,1,7
1660156834.08867,-0.1183769553899765,-0.5309786200523376,0.38293516635894775,0.0,0.0,0,7400,1.5797270106164711,0.0038505003560845848,-0.24023699251926958,1,7
1660156834.288302,-0.11837686598300934,-0.5309780836105347,0.38293731212615967,0.0,0.0,0,7400,1.5797212934183318,0.003847213839846863,-0.24023778112025077,1,7
1660156834.487991,-0.11837801337242126,-0.530977725982666,0.38293880224227905,0.0,0.0,0,7400,1.5797174234561258,0.003842662107054719,-0.2402404024533076,1,7
1660156834.688201,-0.11837822198867798,-0.5309774875640869,0.38293880224227905,0.0,0.0,0,7400,1.5797165803114803,0.003837674798014088,-0.24024191068826364,1,7
1660156834.888603,-0.11837813258171082,-0.530977189540863,0.38293978571891785,0.0,0.0,0,7400,1.5797147775134204,0.0038357275227681674,-0.2402419751355354,1,0
1660156835.08934,-0.11837910115718842,-0.5309771299362183,0.38294026255607605,0.0,0.0,0,7400,1.5797126502153132,0.0038336343110727937,-0.24024414205686653,1,0
1660156835.288556,-0.11837902665138245,-0.5309770107269287,0.38294103741645813,0.0,0.0,0,7400,1.5797111754605822,0.0038338912427766216,-0.24024412317556393,1,0
1660156835.488559,-0.11837944388389587,-0.5309771299362183,0.3829415738582611,0.0,0.0,0,7400,1.5797092274489968,0.0038310212037883755,-0.24024577052363663,1,7
1660156835.68829,-0.11837944388389587,-0.5309771299362183,0.3829415738582611,0.0,0.0,0,7400,1.5797091186782988,0.0038291083859428744,-0.24024578971725055,1,7
1660156835.889136,-0.11837944388389587,-0.5309771299362183,0.3829415738582611,0.0,0.0,0,7400,1.5797091186782988,0.0038291083859428744,-0.24024578971725055,1,7
1660156836.088841,-0.11837993562221527,-0.5309768319129944,0.38294270634651184,0.0,0.0,0,7400,1.579705972262028,0.0038305454285084087,-0.24024624997773883,1,7
1660156836.289594,-0.1183803528547287,-0.5309768915176392,0.3829428255558014,0.0,0.0,0,7400,1.5797056540796879,0.0038268324887012887,-0.24024800255960982,1,7
1660156836.496543,-0.11838017404079437,-0.5309768915176392,0.38294318318367004,0.0,0.0,0.0,7400,1.5797038985828284,0.0038280168844005576,-0.24024704977832562,0,7
1660156836.698056,-0.11837998777627945,-0.5309765338897705,0.3829425871372223,0.0,0.0,0.0,7400,1.5797057270457173,0.0038276434022984167,-0.24024705804448046,0,0
1660156836.896973,-0.11837998777627945,-0.5309765338897705,0.3829425871372223,0.0,0.0,0.0,7400,1.5797057270457173,0.0038276434022984167,-0.24024705804448046,0,0
1660156837.096618,-0.11837998777627945,-0.5309765338897705,0.3829425871372223,0.0,0.0,0.0,7400,1.579705672592469,0.0038252807314461076,-0.24024706867373044,0,0
1660156837.297425,-0.11837976425886154,-0.5309765934944153,0.3829430341720581,0.0,0.0,0.0,7400,1.5797033807447312,0.0038266971275750248,-0.2402459687140162,0,0
1660156837.49694,-0.11837976425886154,-0.5309765934944153,0.3829430341720581,0.0,0.0,0.0,7400,1.5797033807447312,0.0038266971275750248,-0.2402459687140162,0,0
1660156837.69728,-0.11838077753782272,-0.5309763550758362,0.3829430341720581,0.0,0.0,0.0,7400,1.5797033781760534,0.0038266948954249814,-0.24024784051162437,0,0
1660156837.896918,-0.11838138103485107,-0.530976414680481,0.38294321298599243,0.0,0.0,0.0,7400,1.5797031036385216,0.0038254212498118854,-0.2402503876301918,0,0
1660156838.09759,-0.11838138103485107,-0.530976414680481,0.38294321298599243,0.0,0.0,0.0,7400,1.5797030592386927,0.0038229749818986082,-0.24025041953114165,0,0
1660156838.296242,-0.11838120222091675,-0.530976414680481,0.3829435706138611,0.0,0.0,0.0,7400,1.5797012186388402,0.0038241707243030095,-0.24024947624507914,0,0
1660156838.496986,-0.11838120222091675,-0.530976414680481,0.3829435706138611,0.0,0.0,0.0,7400,1.5797012186388402,0.0038241707243030095,-0.24024947624507914,0,0
1660156838.696716,-0.11838120222091675,-0.530976414680481,0.3829435706138611,0.0,0.0,0.0,7400,1.5797012186388402,0.0038241707243030095,-0.24024947624507914,0,0
1660156838.896454,-0.11838096380233765,-0.5309759378433228,0.38294291496276855,0.0,0.0,0.0,7400,1.5797030463442323,0.0038237969226094133,-0.24024948523449957,0,0
1660156839.097334,-0.11838088184595108,-0.5309758186340332,0.38294392824172974,0.0,0.0,0.0,7400,1.579701214825466,0.003824202150473473,-0.24024948657333983,0,0
1660156839.297843,-0.11838088184595108,-0.5309758186340332,0.38294392824172974,0.0,0.0,0.0,7400,1.579701214825466,0.003824202150473473,-0.24024948657333983,0,0
1660156839.497465,-0.11838088184595108,-0.5309758186340332,0.38294392824172974,-0.017999999999999999,0.0,0.0,7400,1.579701214825466,0.003824202150473473,-0.24024948657333983,0,2
1660156839.697237,-0.11838088184595108,-0.5309758186340332,0.38294392824172974,-0.032399999999999998,0.0,0.0,7400,1.5797012474699126,0.0038218180372901673,-0.2402494974848358,0,2
1660156839.897942,-0.11857922375202179,-0.530943751335144,0.3829590082168579,-0.043920000000000001,0.0,0.0,7400,1.5796568710432588,0.003845182768458196,-0.24058225878924952,0,2
1660156840.097702,-0.12236414849758148,-0.5305641889572144,0.3838080167770386,-0.053136000000000003,0.0,0.0,7400,1.5767075868322933,0.0034606569226841117,-0.24172134768640122,0,2
1660156840.298651,-0.1276773065328598,-0.5304465293884277,0.3849279284477234,-0.060508800000000001,0.0,0.0,7400,1.5732394036527795,0.004853034604649259,-0.24016529954279528,0,2
1660156840.497543,-0.1346641182899475,-0.530381441116333,0.3852764070034027,-0.066407040000000001,0.0,0.0,7400,1.5725132621495568,0.0057471459262466405,-0.23991138178703048,0,2
1660156840.697274,-0.14277362823486328,-0.5303903818130493,0.38517045974731445,-0.071125632000000008,0.0,0.0,7400,1.5729003688138496,0.004499232820121202,-0.2396404956169791,0,2
1660156840.896844,-0.15183261036872864,-0.5304137468338013,0.38522395491600037,-0.074900505600000014,0.0,0.0,7400,1.5726889260539543,0.005126908803032357,-0.2394446131197273,0,2
1660156841.097586,-0.1616758555173874,-0.5304018259048462,0.3851589262485504,-0.077920404480000011,0.0,0.0,7400,1.572908955863657,0.004104541535943929,-0.23962052906633363,0,2
1660156841.298301,-0.17187882959842682,-0.5304698348045349,0.38511937856674194,-0.080336323584000016,0.0,0.0,7400,1.5729175044041666,0.004620520216980422,-0.23921986943268939,0,2
1660156841.497976,-0.18262769281864166,-0.5304738879203796,0.38511037826538086,-0.082269058867200012,0.0,0.0,7400,1.5726187807114103,0.0037008370664410157,-0.23904324651330547,0,2
1660156841.696581,-0.19383984804153442,-0.5304903984069824,0.3849790096282959,-0.083815247093760009,0.0,0.0,7400,1.5729189599409306,0.0035169649579144123,-0.23916782961575322,0,2
1660156841.897002,-0.20536506175994873,-0.5305447578430176,0.38487765192985535,-0.085052197675008018,0.0,0.0,7400,1.5730232367321517,0.0034126745894734467,-0.23886385309121463,0,2
1660156842.097632,-0.21771275997161865,-0.5305326581001282,0.38477787375450134,-0.086041758140006419,0.0,0.0,7400,1.5731803291560416,0.003734364313557448,-0.23900927137199457,0,2
1660156842.298361,-0.22957956790924072,-0.5305870175361633,0.3845970332622528,-0.086833406512005135,0.0,0.0,7400,1.5733716162024587,0.002587781162202307,-0.2388253154981135,0,2
1660156842.499131,-0.24158045649528503,-0.5306031107902527,0.3846004009246826,0.0,0.0,0.0,7400,1.5732207604778385,0.0026582187854244147,-0.23877870054207986,0,0
1660156842.6999,-0.2530345916748047,-0.5306316614151001,0.3844919204711914,0.0,0.0,0.0,7400,1.5731219348642762,0.002379731269045562,-0.2393076927780585,0,0
1660156842.900699,-0.25558042526245117,-0.5305978059768677,0.38445335626602173,0.0,0.0,0.0,7400,1.5729822085656004,0.0030097625222403166,-0.24020930653478625,0,0
1660156843.100196,-0.25563278794288635,-0.5305927991867065,0.3843734562397003,0.0,0.0,0.0,7400,1.5731438608501238,0.0027183619554871376,-0.24029901989191665,0,0
1660156843.305242,-0.2556404173374176,-0.5305906534194946,0.3843681216239929,0.0,0.0,0.0,7400,1.5731600308065266,0.002675742224555876,-0.24030984996779312,0,0
1660156843.505641,-0.25565192103385925,-0.5305857062339783,0.3843643069267273,0.0,0.0,0.0,7400,1.5731694439220396,0.002654562514124218,-0.24032805459329853,0,0
1660156843.705059,-0.2556544542312622,-0.5305838584899902,0.3843604028224945,0.0,0.0,0.0,7400,1.5731796436531775,0.002646731143497089,-0.24032860445134965,0,0
1660156843.904704,-0.2556549608707428,-0.5305829048156738,0.3843584358692169,0.0,0.0,0.0,7400,1.5731851629329772,0.0026453647164830217,-0.2403242907313052,0,0
1660156844.104548,-0.25565624237060547,-0.5305823683738708,0.3843581974506378,0.0,0.0,0.0,7400,1.5731868155978446,0.0026429222419898746,-0.24032484588438194,0,0
1660156844.304205,-0.2556576132774353,-0.5305814743041992,0.384356290102005,0.0,0.0,-0.017999999999999999,7400,1.573191400794144,0.0026386908122732495,-0.24032592163755243,0,6
1660156844.503986,-0.2556583881378174,-0.5305808186531067,0.38435596227645874,0.0,0.0,-0.032399999999999998,7400,1.5731923153393983,0.002637442810237324,-0.2403260582717419,0,6
1660156844.704259,-0.25567132234573364,-0.530591607093811,0.3841284513473511,0.0,0.0,-0.043920000000000001,7400,1.5735461346491995,0.0024228635517576174,-0.24032315716486194,0,6
1660156844.904676,-0.255879282951355,-0.5307363271713257,0.3800003230571747,0.0,0.0,-0.053136000000000003,7400,1.5758424949200998,-0.0024657406933819475,-0.2403164429363531,0,6
1660156845.104337,-0.25569772720336914,-0.5308068990707397,0.37426090240478516,0.0,0.0,-0.060508800000000001,7400,1.575618550672449,-0.0068438435170891316,-0.23998119943799406,0,6
1660156845.305027,-0.25577446818351746,-0.5308811664581299,0.36696216464042664,0.0,0.0,-0.066407040000000001,7400,1.5753106122103027,-0.008260620401776093,-0.23998296824171544,0,6
1660156845.505526,-0.2558145523071289,-0.530829906463623,0.35889747738838196,0.0,0.0,-0.071125632000000008,7400,1.5748694705530115,-0.005893172031668521,-0.2401805508162724,0,6
1660156845.706991,-0.2555440366268158,-0.5309118032455444,0.3498983681201935,0.0,0.0,-0.056900505600000012,7400,1.5742950792190833,-0.00667922061586154,-0.23957643161359818,0,0
1660156845.906092,-0.255487322807312,-0.5308736562728882,0.33956214785575867,0.0,0.0,-0.045520404480000012,7400,1.574694312704169,-0.008114422890621325,-0.2396057327513258,0,0
1660156846.10549,-0.2555811107158661,-0.5307838916778564,0.3305498957633972,0.0,0.0,-0.036416323584000009,7400,1.574918709662425,-0.006369311634662747,-0.24001201917424414,0,0
1660156846.305701,-0.2554857134819031,-0.5307081937789917,0.3230915069580078,0.0,0.0,-0.02913305886720001,7400,1.5755676777256784,-0.008052639654895012,-0.24010210113373404,0,0
1660156846.506873,-0.25557640194892883,-0.5306622385978699,0.31725525856018066,0.0,0.0,-0.023306447093760008,7400,1.5756336999251115,-0.008266414905380246,-0.24021428375233367,0,0
1660156846.706154,-0.2553796172142029,-0.5307083129882812,0.3129391074180603,0.0,0.0,-0.036645157675008005,7400,1.5753420400378462,-0.008146860656119576,-0.23960625270865082,0,6
1660156846.905957,-0.2554016411304474,-0.5306539535522461,0.30926790833473206,0.0,0.0,-0.047316126140006409,7400,1.576213781353112,-0.00913633811808851,-0.24015123059258905,0,6
1660156847.106529,-0.2555806636810303,-0.530596137046814,0.30493807792663574,0.0,0.0,-0.055852900912005135,7400,1.5750576105546181,-0.008807347781260287,-0.24028778659365413,0,6
1660156847.307979,-0.2553790807723999,-0.5306364893913269,0.2983659505844116,0.0,0.0,-0.062682320729604113,7400,1.5751916722266603,-0.009588329034133961,-0.23985811550492883,0,6
1660156847.508544,-0.25555145740509033,-0.5307191610336304,0.2906595766544342,0.0,0.0,-0.068145856583683287,7400,1.5742327271194163,-0.006874429134542356,-0.24024850091594804,0,6
1660156847.712581,-0.25533345341682434,-0.530654788017273,0.28157663345336914,0.0,0.0,0.0,7400,1.5742423492053486,-0.006523670240427387,-0.23971023968339078,0,0
1660156847.913204,-0.25528645515441895,-0.5306689739227295,0.27263393998146057,0.0,0.0,0.0,7400,1.57436766622391,-0.007649245067693882,-0.23986420244470666,0,0
1660156848.111849,-0.2554800510406494,-0.5304706692695618,0.27058982849121094,0.0,0.0,0.0,7400,1.5753646128244898,-0.008174360224976234,-0.24030439907382725,0,0
1660156848.312012,-0.2554970681667328,-0.5304714441299438,0.2704858183860779,0.0,0.0,0.0,7400,1.5753015703138669,-0.008025814889418576,-0.2402994290456107,0,0
1660156848.511782,-0.25550350546836853,-0.5304709076881409,0.2704854905605316,0.0,0.0,0.0,7400,1.575283420146043,-0.007974005145905924,-0.24031755918134046,0,0
1660156848.712455,-0.25550585985183716,-0.5304704904556274,0.2704848647117615,0.0,0.0,0.0,7400,1.5752807348666764,-0.007953575700836496,-0.24032610802421003,0,0
1660156848.911937,-0.25550711154937744,-0.5304707288742065,0.27048492431640625,0.0,-0.017999999999999999,0.0,7400,1.575277604217388,-0.007944361546794114,-0.24033076970989017,0,1
1660156849.112019,-0.2555080056190491,-0.530470073223114,0.27048414945602417,0.0,-0.032399999999999998,0.0,7400,1.575278495383832,-0.007940385296849355,-0.24033379655826445,0,1
1660156849.3127,-0.2555822730064392,-0.5305848717689514,0.27054283022880554,0.0,-0.043920000000000001,0.0,7400,1.5749998499315845,-0.007775606170418524,-0.2403249458628886,0,1
1660156849.514648,-0.2563411295413971,-0.5335688591003418,0.2708361744880676,0.0,-0.053136000000000003,0.0,7400,1.5730332825877238,-0.006253449474705532,-0.24077209978620476,0,1
1660156849.715358,-0.2564132511615753,-0.539539098739624,0.2707464098930359,0.0,-0.060508800000000001,0.0,7400,1.5732449053472568,-0.0063987210238821745,-0.24085781393998504,0,1
1660156849.915078,-0.2565879225730896,-0.5476170182228088,0.27045392990112305,0.0,-0.048407040000000005,0.0,7400,1.5737476098928682,-0.006435061987135197,-0.24117541674668044,0,0
1660156850.115821,-0.2565329074859619,-0.5573022365570068,0.2702307105064392,0.0,-0.03872563200000001,0.0,7400,1.5742723187860221,-0.006726863664345179,-0.24115366263313437,0,0
1660156850.314126,-0.2564915418624878,-0.5659834742546082,0.27021324634552,0.0,-0.03098050560000001,0.0,7400,1.574157568070926,-0.007238239053628857,-0.24090540404522703,0,0
1660156850.515854,-0.2565692067146301,-0.573047399520874,0.26991376280784607,0.0,-0.024784404480000008,0.0,7400,1.5745100242534447,-0.005397720011670572,-0.24101427709985668,0,0
1660156850.715406,-0.2565210163593292,-0.5788068771362305,0.2699974477291107,0.0,-0.019827523584000008,0.0,7400,1.5741956034727103,-0.004245453423396403,-0.24102757442644349,0,0
1660156850.913744,-0.25651469826698303,-0.5833408832550049,0.2699233293533325,0.0,-0.015862018867200008,0.0,7400,1.5741952991705335,-0.004992546337028874,-0.2409916883198873,0,0
1660156851.115517,-0.25660306215286255,-0.5869842171669006,0.2700197100639343,0.0,-0.012689615093760008,0.0,7400,1.5739122875482594,-0.005031490879412312,-0.24112905662048886,0,0
1660156851.315122,-0.25649505853652954,-0.5880928039550781,0.26989683508872986,0.0,-0.010151692075008007,0.0,7400,1.5740326380239376,-0.005143981327951194,-0.24094100580240504,0,0
1660156851.514574,-0.2564972937107086,-0.5880985260009766,0.26986363530158997,0.0,-0.0081213536600064067,0.0,7400,1.5741603984488817,-0.005176148395997963,-0.24099596569380183,0,0
1660156851.7154,-0.2564992606639862,-0.5880995392799377,0.26985475420951843,0.0,-0.024497082928005124,0.0,7400,1.5741858293168216,-0.005177638435308813,-0.2410075034798276,0,1
1660156851.915081,-0.2564994692802429,-0.5881040096282959,0.2698511481285095,0.0,-0.0375976663424041,0.0,7400,1.5741942830879512,-0.005175167473231836,-0.2410101457340547,0,1
1660156852.116954,-0.25673359632492065,-0.5910847187042236,0.2697679400444031,0.0,-0.048078133073923279,0.0,7400,1.5742765463447643,-0.005876784165355951,-0.24150083530301725,0,1
1660156852.317647,-0.2569827437400818,-0.5966967344284058,0.2696073055267334,0.0,-0.056462506459138626,0.0,7400,1.5747694600108149,-0.006305462522462923,-0.24238507765037504,0,1
1660156852.518254,-0.2572910189628601,-0.6082640886306763,0.26956817507743835,0.0,-0.063170005167310903,0.0,7400,1.5748200637425704,-0.007285043359028605,-0.24384651045215183,0,1
1660156852.718106,-0.25773105025291443,-0.617454469203949,0.26933249831199646,0.0,-0.068536004133848721,0.0,7400,1.5752963890102445,-0.008863487566056446,-0.24572637646444984,0,1
1660156852.917405,-0.25780385732650757,-0.6223722100257874,0.2693234980106354,0.0,-0.072828803307078985,0.0,7400,1.575143421832925,-0.009112511829578677,-0.24595394881428387,0,1
1660156853.116963,-0.25800153613090515,-0.6330410838127136,0.26910334825515747,0.0,-0.076263042645663193,0.0,7400,1.5755146594931597,-0.007179386816241406,-0.24639432720310764,0,1
1660156853.31724,-0.25785642862319946,-0.6444745063781738,0.2688872218132019,0.0,-0.079010434116530553,0.0,7400,1.5758970140587936,-0.007188486573236979,-0.24603146417260197,0,1
1660156853.518079,-0.2579817473888397,-0.6627061367034912,0.26835498213768005,0.0,0.0,0.0,7400,1.5767569662929144,-0.00801786963665692,-0.24623026818838595,0,0
1660156853.718309,-0.25758227705955505,-0.6708862781524658,0.26868703961372375,0.0,0.0,0.0,7400,1.5752085838782544,-0.0074109192261790045,-0.24504780847405275,0,0
1660156853.918112,-0.25754648447036743,-0.671328067779541,0.2687152028083801,0.0,0.0,0.0,7400,1.5748102179029027,-0.0069917082599444775,-0.24457998728614844,0,0
1660156854.117245,-0.2575418949127197,-0.6713293790817261,0.26869839429855347,0.0,0.0,0.0,7400,1.5748543246914781,-0.006985416317228055,-0.2445673832595469,0,0
1660156854.31801,-0.25752848386764526,-0.6713322997093201,0.2686745822429657,0.0,0.0,0.0,7400,1.5749074452025167,-0.006956755749952053,-0.24452067976676117,0,0
1660156854.517449,-0.25752708315849304,-0.6713327169418335,0.26867154240608215,0.0,0.0,0.0,7400,1.5749140302178732,-0.006954477450240905,-0.2445168502727845,0,0
1660156854.717004,-0.25752466917037964,-0.6713333129882812,0.26866793632507324,0.0,0.0,0.0,7400,1.5749231123302503,-0.006950483902657583,-0.24451046472863064,0,0
1660156854.91957,-0.25752365589141846,-0.6713342666625977,0.26866570115089417,0.0,0.0,0.0,7400,1.5749273407921316,-0.0069476658985900604,-0.24450738916119155,0,0
1660156855.120267,-0.2575223445892334,-0.6713348627090454,0.2686656713485718,0.0,0.0,0.0,7400,1.57492818806643,-0.006944286266029779,-0.2445043531504746,0,0
1660156855.319984,-0.2575221657752991,-0.6713352203369141,0.26866480708122253,0.0,0.0,0.0,7400,1.5749287279333803,-0.006943193330570919,-0.2445028572489282,0,7
1660156855.520589,-0.2575209140777588,-0.6713355779647827,0.2686642110347748,0.0,0.0,0.0,7400,1.574931087659937,-0.006940359850644683,-0.24450022484211933,0,7
1660156855.721069,-0.2575211524963379,-0.6713359355926514,0.2686639130115509,0.0,0.0,0.0,7400,1.5749306420360596,-0.006940191441131651,-0.2445001812943233,0,7
1660156855.920534,-0.2575199604034424,-0.6713361740112305,0.268663227558136,0.0,0.0,0.0,7400,1.574933231621925,-0.0069371483690087565,-0.24449782133712977,0,7
1660156856.120233,-0.2575201690196991,-0.6713364720344543,0.26866385340690613,0.0,0.0,0.0,7400,1.5749315509113142,-0.006936601461315612,-0.24449781419708183,0,7
1660156856.331767,-0.2575201690196991,-0.6713364720344543,0.2686624825000763,0.0,0.0,0,7400,1.5749334930409127,-0.006937201514925901,-0.24449781171613477,1,7
1660156856.5333,-0.2575187683105469,-0.6713370680809021,0.26866209506988525,0.0,0.0,0,7400,1.5749352442462092,-0.0069383581174381,-0.24449656538308073,1,0
1660156856.733907,-0.2575187683105469,-0.6713370680809021,0.26866209506988525,0.0,0.0,0,7400,1.5749352637378085,-0.00693644457289601,-0.2444965512120329,1,0
1660156856.933399,-0.2575186491012573,-0.6713373064994812,0.26866257190704346,0.0,0.0,0,7400,1.5749341264438406,-0.006934835491935284,-0.2444950590578121,1,0
1660156857.133859,-0.2575186491012573,-0.6713373064994812,0.26866257190704346,0.0,0.0,0,7400,1.5749341264438406,-0.006934835491935284,-0.2444950590578121,1,0
1660156857.333377,-0.2575186491012573,-0.6713372468948364,0.268661230802536,0.0,0.0,0,7400,1.5749359013081445,-0.0069354560551826245,-0.24449507695468245,1,0
1660156857.532914,-0.2575186491012573,-0.6713372468948364,0.268661230802536,0.0,0.0,0,7400,1.5749359013081445,-0.0069354560551826245,-0.24449507695468245,1,0
1660156857.735797,-0.25751784443855286,-0.6713376045227051,0.26866087317466736,0.0,0.0,0,7400,1.574937661593309,-0.0069366628887036165,-0.24449465695249759,1,3
1660156857.936737,-0.25751808285713196,-0.6713379621505737,0.2686614394187927,0.0,0.0,0,7400,1.5749361479321962,-0.0069360947770490036,-0.24449467162261998,1,3
1660156858.137345,-0.25751808285713196,-0.6713379621505737,0.2686614394187927,0.0,0.0,0,7400,1.5749361356525715,-0.006933230003511461,-0.24449466565014608,1,0
1660156858.33692,-0.25751757621765137,-0.671337902545929,0.2686612010002136,0.0,0.0,0,7400,1.5749366922571093,-0.006931605559786498,-0.24449238451475183,1,0
1660156858.537588,-0.25751757621765137,-0.671337902545929,0.2686612010002136,0.0,0.0,0,7400,1.5749366922571093,-0.006931605559786498,-0.24449238451475183,1,0
1660156858.735802,-0.25751757621765137,-0.671337902545929,0.26866021752357483,0.0,0.0,0,7400,1.5749380999487694,-0.00693200523011082,-0.2444923905807629,1,0
1660156858.937694,-0.25751757621765137,-0.671337902545929,0.26866021752357483,0.0,0.0,0,7400,1.5749380999487694,-0.00693200523011082,-0.2444923905807629,1,0
1660156859.137256,-0.25751757621765137,-0.671337902545929,0.26866021752357483,0.0,0.0,0,7400,1.5749380999487694,-0.00693200523011082,-0.2444923905807629,1,0
1660156859.337515,-0.25751757621765137,-0.671337902545929,0.26866021752357483,0.0,0.0,0,7400,1.5749380999487694,-0.00693200523011082,-0.2444923905807629,1,0
1660156859.536973,-0.2575162649154663,-0.6713383793830872,0.26866021752357483,0.0,0.0,0,7400,1.5749380096776093,-0.006932019351098093,-0.24449049790703095,1,0
1660156859.737316,-0.2575165033340454,-0.6713383197784424,0.2686598598957062,0.0,0.0,0,7400,1.5749397766836355,-0.006933234143561945,-0.24449155182629995,1,0
1660156859.936847,-0.2575165033340454,-0.6713383197784424,0.2686598598957062,0.0,0.0,0,7400,1.5749397766836355,-0.006933234143561945,-0.24449155182629995,1,0
1660156860.136495,-0.2575165033340454,-0.6713383197784424,0.2686598598957062,0.0,0.0,0,7400,1.5749397766836355,-0.006933234143561945,-0.24449155182629995,1,0
1660156860.337162,-0.2575165033340454,-0.6713383197784424,0.2686598598957062,0.0,0.0,0,7400,1.5749397766836355,-0.006933234143561945,-0.24449155182629995,1,0
1660156860.536346,-0.2575165033340454,-0.6713383197784424,0.2686598598957062,0.0,0.0,0,7400,1.5749397766836355,-0.006933234143561945,-0.24449155182629995,1,0
1660156860.736588,-0.25751596689224243,-0.6713382601737976,0.268658310174942,0.0,0.0,0,7400,1.5749420078346124,-0.006929343520408168,-0.2444892827915375,1,0
1660156860.939031,-0.25751596689224243,-0.6713382601737976,0.268658310174942,0.0,0.0,0,7400,1.5749420078346124,-0.006929343520408168,-0.2444892827915375,1,0
1660156861.138765,-0.25751596689224243,-0.6713382601737976,0.268658310174942,0.0,0.0,0,7400,1.5749420078346124,-0.006929343520408168,-0.2444892827915375,1,0
1660156861.338027,-0.25751596689224243,-0.6713382601737976,0.268658310174942,0.0,0.0,0,7400,1.5749420078346124,-0.006929343520408168,-0.2444892827915375,1,0
1660156861.536538,-0.25751596689224243,-0.6713382601737976,0.268658310174942,0.0,0.0,0,7400,1.5749420078346124,-0.006929343520408168,-0.2444892827915375,1,0
1660156861.737577,-0.25751596689224243,-0.6713382601737976,0.268658310174942,0.0,0.0,0,7400,1.5749420078346124,-0.006929343520408168,-0.2444892827915375,1,0
1660156861.937727,-0.25751596689224243,-0.6713382601737976,0.268658310174942,0.0,0.0,0,7400,1.5749420078346124,-0.006929343520408168,-0.2444892827915375,1,0
1660156862.138194,-0.25751596689224243,-0.6713382601737976,0.268658310174942,0.0,0.0,0,7400,1.5749420078346124,-0.006929343520408168,-0.2444892827915375,1,3
1660156862.336577,-0.25751596689224243,-0.6713382601737976,0.268658310174942,0.0,0.0,0,7400,1.5749420078346124,-0.006929343520408168,-0.2444892827915375,1,3
1660156862.537184,-0.25751596689224243,-0.6713382601737976,0.268658310174942,0.0,0.0,0,7400,1.5749420078346124,-0.006929343520408168,-0.2444892827915375,1,3
1660156862.736926,-0.25751596689224243,-0.6713382601737976,0.268658310174942,0.0,0.0,0,7400,1.5749420078346124,-0.006929343520408168,-0.2444892827915375,1,3
1660156862.937287,-0.25751596689224243,-0.6713382601737976,0.268658310174942,0.0,0.0,0,7400,1.5749420078346124,-0.006929343520408168,-0.2444892827915375,1,0
1660156863.141157,-0.25751596689224243,-0.6713382601737976,0.268658310174942,0.0,0.0,0,7400,1.5749420078346124,-0.006929343520408168,-0.2444892827915375,1,0
1660156863.341302,-0.25751596689224243,-0.6713382601737976,0.268658310174942,0.0,0.0,0,7400,1.5749420078346124,-0.006929343520408168,-0.2444892827915375,1,0
1660156863.541881,-0.25751596689224243,-0.6713382601737976,0.268658310174942,0.0,0.0,0,7400,1.5749420078346124,-0.006929343520408168,-0.2444892827915375,1,0
1660156863.741567,-0.25751596689224243,-0.6713382601737976,0.268658310174942,0.0,0.0,0,7400,1.5749420078346124,-0.006929343520408168,-0.2444892827915375,1,3
1660156863.941044,-0.25751617550849915,-0.6713382005691528,0.26865795254707336,0.0,0.0,0,7400,1.5749440220746873,-0.006930495595785712,-0.2444904212827437,1,3
1660156864.141679,-0.25751617550849915,-0.6713382005691528,0.26865795254707336,0.0,0.0,0,7400,1.5749440220746873,-0.006930495595785712,-0.2444904212827437,1,3
1660156864.341242,-0.25751617550849915,-0.6713382005691528,0.26865795254707336,0.0,0.0,0,7400,1.5749440220746873,-0.006930495595785712,-0.2444904212827437,1,0
1660156864.542252,-0.25751617550849915,-0.6713382005691528,0.26865795254707336,0.0,0.0,0,7400,1.5749440220746873,-0.006930495595785712,-0.2444904212827437,1,0
1660156864.741708,-0.25751617550849915,-0.6713382005691528,0.26865795254707336,0.0,0.0,0,7400,1.5749440220746873,-0.006930495595785712,-0.2444904212827437,1,0
1660156864.941328,-0.25751617550849915,-0.6713382005691528,0.26865795254707336,0.0,0.0,0,7400,1.5749440220746873,-0.006930495595785712,-0.2444904212827437,1,0
1660156865.141459,-0.25751617550849915,-0.6713382005691528,0.26865795254707336,0.0,0.0,0,7400,1.574944045811358,-0.006928613988807922,-0.24449041728291956,1,0
1660156865.342137,-0.25751617550849915,-0.6713382005691528,0.26865795254707336,0.0,0.0,0,7400,1.574944045811358,-0.006928613988807922,-0.24449041728291956,1,0
1660156865.540325,-0.2575158178806305,-0.6713382005691528,0.2686578035354614,0.0,0.0,0,7400,1.574944073973201,-0.006927508385024044,-0.2444889098297717,1,0
1660156865.741398,-0.2575158178806305,-0.6713382005691528,0.2686578035354614,0.0,0.0,0,7400,1.574944073973201,-0.006927508385024044,-0.2444889098297717,1,0
1660156865.940748,-0.2575148344039917,-0.6713385581970215,0.2686578035354614,0.0,0.0,0,7400,1.5749441539158107,-0.006927512033159917,-0.2444874043167823,1,0
1660156866.141263,-0.2575148940086365,-0.6713386178016663,0.26865676045417786,0.0,0.0,0,7400,1.5749455750748587,-0.00692801666727851,-0.2444874939517278,1,0
1660156866.343002,-0.2575148940086365,-0.6713386178016663,0.26865676045417786,0.0,0.0,0,7400,1.5749455750748587,-0.00692801666727851,-0.2444874939517278,1,0
1660156866.542453,-0.2575148940086365,-0.6713386178016663,0.26865676045417786,0.0,0.0,0,7400,1.5749455750748587,-0.00692801666727851,-0.2444874939517278,1,0
1660156866.740647,-0.2575148940086365,-0.6713386178016663,0.26865676045417786,0.0,0.0,0,7400,1.5749455750748587,-0.00692801666727851,-0.2444874939517278,1,0
1660156866.941091,-0.2575148940086365,-0.6713386178016663,0.26865676045417786,0.0,0.0,0,7400,1.5749455750748587,-0.00692801666727851,-0.2444874939517278,1,0
1660156867.140678,-0.2575148940086365,-0.6713386178016663,0.26865676045417786,0.0,0.0,0,7400,1.5749455750748587,-0.00692801666727851,-0.2444874939517278,1,0
1660156867.341303,-0.2575148940086365,-0.6713386178016663,0.26865676045417786,0.0,0.0,0,7400,1.5749455750748587,-0.00692801666727851,-0.2444874939517278,1,0
1660156867.542201,-0.2575148940086365,-0.6713386178016663,0.26865676045417786,0.0,0.0,0,7400,1.5749455750748587,-0.00692801666727851,-0.2444874939517278,1,0
1660156867.741893,-0.2575148940086365,-0.6713386178016663,0.26865676045417786,0.0,0.0,0,7400,1.5749455750748587,-0.00692801666727851,-0.2444874939517278,1,3
1660156867.941489,-0.2575148940086365,-0.6713386178016663,0.26865676045417786,0.0,0.0,0,7400,1.5749455750748587,-0.00692801666727851,-0.2444874939517278,1,3
1660156868.14291,-0.2575148940086365,-0.6713386178016663,0.26865676045417786,0.0,0.0,0,7400,1.5749455750748587,-0.00692801666727851,-0.2444874939517278,1,3
1660156868.343416,-0.2575148940086365,-0.6713386178016663,0.26865676045417786,0.0,0.0,0,7400,1.5749455750748587,-0.00692801666727851,-0.2444874939517278,1,3
1660156868.542821,-0.2575148940086365,-0.6713386178016663,0.26865676045417786,0.0,0.0,0,7400,1.5749455750748587,-0.00692801666727851,-0.2444874939517278,1,3
1660156870.412621,-0.25757136940956116,-0.6714497804641724,0.2688467800617218,0.0,0.0,0,0,1.574446227224414,-0.006751386798584588,-0.24446088587076414,1,3
